0,1,2,3,4,5,6,label
0.16273427375653693,0.00010647867438232232,0.00025312335501196325,6.451401503508059e-07,2.8355572362476063e-12,2.8865466366883266e-09,-7.74119117971551e-12,4
0.16272678463014095,3.0373974515147762e-05,0.00017916715449074595,2.1950852513576435e-07,-8.897052755626496e-13,3.026665355691924e-12,1.0504471295848598e-12,4
0.16248902653003666,0.0003426008854474288,0.00018608924570559876,1.0845984079432445e-06,1.4684942502877517e-11,1.9016331862113908e-08,-4.666733566154656e-12,4
0.16412224979155127,0.00019955165815619335,0.0001924350899436579,1.1941100040191895e-06,-1.4585236709715477e-11,-1.173526875567957e-08,1.0720365230401308e-11,4
0.1641470851384842,0.0007830904510985386,0.00010915077585285327,5.701227177883539e-07,1.904058342703603e-12,6.743430512572357e-09,4.074503666214322e-12,4
0.1630971480981701,4.105206554673202e-05,0.00019967950226172076,1.3237235085025434e-06,-2.1262206773843328e-11,-8.065854369869816e-09,-3.3275319211210936e-12,4
0.16526175294480605,8.053849550439445e-05,0.0003952503702587397,3.0648815521111223e-06,-7.688079880626481e-11,-8.07088267801361e-09,7.394988673027055e-11,4
0.16597576131340802,9.069691902665695e-05,0.00040766493211576556,3.431156100001665e-06,-1.2533678150258592e-10,-2.9210638995506494e-08,2.7533283689895885e-11,4
0.16319170576698583,0.00043717773828672767,5.05203492656381e-05,1.8029338983603766e-06,-1.7197517183671746e-11,-3.6942183573275693e-08,5.684565519723074e-13,4
0.16266231153091576,7.867694933589412e-05,0.00024065772850146775,3.540724156370623e-07,-3.18025826535099e-13,-5.138570626852463e-10,3.2529122530463594e-12,4
0.1663448668735742,0.00048087048309608277,0.00028486578324802154,4.777057800306756e-06,-1.1587523973521402e-10,-3.567245633429797e-08,-1.3276758276795134e-10,4
0.1664502832938028,0.00046146996345934133,0.00029803440435664195,4.788740077154703e-06,-1.2471008253476649e-10,-3.952232369605637e-08,-1.310580172931174e-10,4
0.1635604145144819,0.0001935168652014201,0.00012560595077755195,1.3671936400088236e-06,-1.78439450489989e-11,-1.853438886941563e-08,-1.609388050941373e-12,4
0.16313465585503945,0.00014993128684620373,0.00021045119675579656,2.9556671616375544e-07,8.937810230960351e-13,2.5591882322429688e-09,2.1529363149577852e-12,4
0.1640783863697457,0.00019731774835573962,0.00024323884362351298,1.5158731825492417e-06,-9.934567541209802e-12,-7.039771232968865e-09,2.7360076807797533e-11,4
0.16294016265747518,7.477859740326293e-05,0.00023342237526668782,5.116482482995416e-07,5.256299809315065e-12,4.2782119182726e-09,1.9068838948882535e-12,4
0.16240085716030234,0.00048269082944742814,0.00012457233700231338,9.406377766752978e-07,7.55360153466745e-12,1.5664324926391402e-08,-6.828004175669571e-12,4
0.1616030454269545,4.206434908069889e-05,0.0001554141311248811,4.0183277891647124e-07,2.9464985094815295e-12,2.5953236838749143e-09,-1.1840614075763321e-12,4
0.16503223185589566,0.00037019430959913074,0.0002842408541952648,2.311439345969682e-06,-5.3030946391686415e-11,-3.60654071568838e-08,-2.641847921493442e-11,4
0.16453281510592688,5.0397836394776875e-05,0.00039956855786762795,9.006502160864471e-08,4.858886619955472e-13,6.229141809952182e-10,2.36282609171924e-13,4
0.16317867335361083,0.00022154278046915198,0.00018989713499895767,1.3004040840041819e-06,-1.9864827827930695e-11,-1.933045199775121e-08,-4.793932131440245e-12,4
0.16509734708064053,0.00026324451941461694,0.0002604185865991497,5.340776587023298e-06,-1.800845443776031e-10,-7.572876227773007e-08,8.509793642952984e-11,4
0.1622913234709184,0.00019521574236293815,0.0001878966967900573,3.73994516775927e-07,3.087915555048962e-12,4.605963954853129e-09,5.421276083506148e-13,4
0.16164037242846674,0.00010936213217058088,0.000119076328495252,3.2447096800982475e-07,1.4729833318720551e-12,2.419594661038694e-09,-1.3777002826937562e-12,4
0.1652219862788376,0.00039154480545333393,0.0002748426412872154,4.904896625908097e-06,-1.7326150041232481e-10,-9.135465523448108e-08,-4.91166913826505e-11,4
0.16526748920769185,0.00011175418716019584,0.0003406368492073754,4.0764583970208095e-06,-1.407730793814715e-10,-4.149986155435366e-08,-5.707788445896678e-11,4
0.16350094070967844,7.780914458438633e-06,0.00026413795998923845,9.223459052033758e-07,-1.4256546049416237e-11,-7.588203139233694e-10,2.0023402471672286e-12,4
0.16481800631101667,0.00010412685788867668,0.0004305308742415193,5.83196162566467e-07,7.935806456179663e-12,4.751981066618833e-09,4.7350912150723605e-12,4
0.16347803644431688,4.7169383655534196e-05,0.000227676478950034,2.1068236520150023e-07,-2.1994965701896913e-13,-3.6307108425492745e-10,-1.4424821696484153e-12,4
0.16219706656830044,9.960085251223166e-05,0.00012786434217109356,7.212274957519445e-07,-6.541967023436651e-12,-6.533136852232633e-09,-2.2742662637392196e-12,4
0.16636241407052244,0.000517206473466773,0.0004299571267926225,4.961748750866827e-06,1.6198495036389032e-10,7.94946785969095e-08,1.6211554299797113e-10,4
0.16333517302405176,0.0008008963477159277,7.002368357947113e-05,8.746626912626726e-07,-6.782611559710579e-12,-2.4752517931762442e-08,9.232266620777715e-13,4
0.16176032861956663,0.00019387091288752955,5.045228166123107e-05,7.314446437473577e-07,-4.023479729675576e-12,-7.865861195015795e-09,-1.8855129358151916e-12,4
0.16230728374263698,0.00033497222322585366,0.00013601787622330222,1.392611379854313e-06,1.899090284703305e-11,2.547763850291159e-08,-2.588529512575557e-12,4
0.16431834593723385,4.284489025508986e-05,0.00021989456762642613,1.104344922748266e-06,-1.5603436925052958e-11,-7.240605050705111e-10,7.259086389487454e-12,4
0.16169639720358508,0.00014558088290615712,0.00010515745053207375,4.950464243935586e-07,-2.2273832316866227e-12,-5.448590259107142e-09,-2.792243534100447e-12,4
0.16450287967410612,0.00018181098008949851,0.00021581393637148396,2.0747371463149363e-06,-4.175277350569165e-11,-2.7379810106682288e-08,1.3568052774265675e-11,4
0.16250196263868644,2.0048443067063986e-06,0.00023089523693840532,1.0508648528239388e-07,4.898080227783976e-13,1.0118127489775207e-10,-1.6744915537657348e-13,4
0.16735044122712944,0.0009729205066900007,0.0003215680264675356,5.774831763386397e-06,-2.479587113249923e-10,-1.801003128905281e-07,-2.109553400322228e-11,4
0.16220775682741165,8.795296508524569e-05,0.00018150811796294715,7.986102178375539e-07,8.267481062571335e-12,7.489270397009762e-09,-4.908912429107412e-12,4
0.16171365595763842,7.023545758738303e-05,0.0001320976904059633,2.760955209814168e-07,-4.2394657644984164e-13,9.72451720740064e-10,1.6125916467511099e-12,4
0.161419937728357,1.1302277388644392e-05,0.00013987645682272498,1.4602755240728436e-07,-4.0218249154767245e-13,-4.658216491750369e-10,-5.232688583790854e-13,4
0.16410038918257586,0.00011284896759111732,0.00025780073734717104,1.3734519295060023e-06,-2.2363025545918598e-11,-1.1483035065661088e-08,-1.2954352165624021e-11,4
0.1643591717685694,0.00012781045910475978,0.0002739838077052934,1.5279295948029112e-06,-2.3619985013156045e-11,-1.1719645285830647e-08,-2.047955373278707e-11,4
0.1644959266180564,6.49371839711081e-05,0.0003830827998763866,1.5921952264296924e-07,4.682376302405194e-13,9.41988500094294e-10,-1.1519593139312239e-12,4
0.16365435879435597,3.543955247078924e-05,0.00030429674380102236,3.1020835970507854e-07,2.6198716066787523e-12,1.8447994736953984e-09,1.4899223082104781e-12,4
0.16255791599227642,8.739545305897921e-05,0.00020242260811491021,3.708398926447027e-07,-2.715398095117733e-12,-2.709117370463445e-09,1.7175298016801562e-12,4
0.1631187578557583,0.00018368681477140534,0.00018226952904234087,6.206831923866257e-07,-6.835043226196215e-13,-2.7378492615796606e-09,-6.566316689266896e-12,4
0.16344895061323456,0.0003629462267488265,0.00013499354370601164,2.2974322458257853e-06,-2.6059023016767633e-11,-1.3504577759198931e-08,-3.094994156674253e-11,4
0.16119021009209197,4.971218397449085e-07,8.63021648623696e-05,3.400163566912102e-08,-5.497324165581123e-14,-1.866139818592565e-11,-1.9247144261636855e-14,4
0.16260088516622417,7.689530906018166e-05,0.00019546625897721238,4.2478255285289994e-07,-2.4231749052812256e-12,-1.8557144232632915e-09,-3.0183262032955796e-12,4
0.16439663063272836,0.00040338062482340434,0.0001541041429839616,2.126453252456755e-06,-2.967153322031573e-11,-2.7299283561305735e-08,-2.4522920927715028e-11,4
0.16240773879321363,0.00021332100177383912,0.00013332364788485855,4.5295747995402635e-07,-3.455450143124672e-12,-5.905539440641591e-09,-6.708933856213607e-13,4
0.16278048327118896,0.0002668177305010445,0.00017886473077319845,1.3900467956705429e-06,-2.1903451331677617e-11,-2.27053060993936e-08,-8.061366945386577e-13,4
0.1615720808911603,2.3671770074310547e-06,0.00015106918023340206,1.3459503279058909e-07,7.165328365443555e-15,8.065148673542335e-11,6.068777517790834e-13,4
0.16231914413130927,5.692784781295504e-05,0.0001861214551958563,4.975840666369674e-07,4.035357098806216e-12,2.9159878633286864e-09,-2.577878798028046e-12,4
0.16206153681764002,8.379454924178064e-05,0.00018907272743642447,4.0144091056460955e-07,3.393099985557827e-12,3.6507729072919097e-09,-8.478020910703711e-13,4
0.16326555964067077,0.00014210419431914,0.00023757501632860282,6.925400001732941e-07,-8.652088069431741e-12,-7.856752230597415e-09,2.0129515457038375e-12,4
0.16215761659231148,9.326566756079918e-05,0.00017750017982784403,5.220151076474361e-08,-1.5048773944295056e-13,-3.122499038925084e-10,5.101630157580535e-14,4
0.16241912717475285,0.0002697643063990876,0.00012214955091704527,9.692317050219567e-07,-8.89576525726412e-12,-1.2112256753927276e-08,-5.664209188123274e-12,4
0.16336775338424575,5.695749472265006e-05,0.0002515306287794414,1.0009619657371664e-07,-4.4678904334332093e-13,-2.6020540010443936e-10,-2.2942704630165405e-13,4
0.16356313822995447,0.0005443232826911864,0.00015755514814337138,1.1484254131688402e-06,-5.6829411250563515e-12,-2.705381199863134e-09,-1.4364641967468087e-11,4
0.16264617208064724,2.5413481047669874e-05,0.0002572154704217345,1.9695979185423735e-07,-1.2870864080527885e-12,-7.502693593441558e-10,5.556194114379597e-13,4
0.1644092238580674,4.339517616779734e-06,0.0003240924339343467,2.909558882518577e-07,-2.1246190702801605e-12,-1.749537261015735e-10,-1.86244561335448e-12,4
0.16413106863279248,0.00025700431379847594,0.00022528373333399152,2.7331771031326623e-06,-4.451578027997799e-11,-2.346395298672995e-08,5.11672155874711e-11,4
0.1616804386499631,0.00018315443715274533,0.00010851861889213342,3.469623871213602e-07,2.103931959675592e-12,4.644175439038409e-09,-3.257493332178663e-13,4
0.16548041921644113,0.0007402692964771712,0.00022542168746304673,3.7740782078038553e-06,-8.633263085114806e-11,-8.067121408628902e-08,-6.82979156199596e-11,4
0.16333953005935503,6.108877821367564e-05,0.00025505016104197803,2.0973099398771235e-07,-1.2843600864095989e-12,3.036999851478022e-11,-8.38673491857331e-13,4
0.1628838041801105,0.0002480490053134721,0.00010958066811461375,1.7108421941969156e-06,-1.3152982935923938e-11,-1.398058255051492e-08,1.9383897455753937e-11,4
0.1616610161519062,0.00018097074742345822,0.00010793483402201669,3.431756278222339e-07,2.0635379340263608e-12,4.55792614927277e-09,-3.2259120462869907e-13,4
0.16240296351622605,4.040755030430533e-06,0.00017780835776029695,4.343930070345727e-09,-1.5705595687198808e-15,-4.798334251463472e-12,-3.479666212921246e-15,4
0.16351823556951356,0.0004469512497096223,7.242767682408558e-05,1.58836653575008e-06,-1.616696275002678e-11,-3.3205755846097476e-08,-5.3729847349196815e-12,4
0.20252745623347476,0.015072861104588067,0.0002852985276873516,5.1684888362571854e-05,6.074109303420361e-09,5.801215500307835e-06,-1.579742362114338e-09,5
0.2040655708535492,0.016117500811427248,3.519742130354523e-05,6.313001562281734e-06,8.889581057804402e-11,6.905741695252939e-07,3.087306241188962e-11,5
0.197255185401496,0.013036127986804353,0.0002454065520690427,4.0830411748217485e-05,4.023132792011522e-09,4.502319388985423e-06,7.204543875005088e-10,5
0.2082652287704545,0.017903387759661438,1.2385322848005294e-06,1.3662731899557183e-07,3.840339098424753e-14,5.363275835155144e-09,4.1036128738016085e-14,5
0.19801089701787603,0.013675236301503028,4.579594761267879e-05,6.432087017824075e-06,1.0200594660275706e-10,6.52943097994909e-07,-4.220655432554773e-11,5
0.2229345239901889,0.024028173163258594,1.4868989268291477e-05,3.423918188676642e-06,2.350748645319001e-11,5.014358962375866e-07,-6.650516719576207e-12,5
0.21460211219643305,0.020599803451140833,9.954076650734892e-06,2.064180081261431e-06,9.18781673169929e-12,2.785206484803665e-07,-1.7696100638679332e-12,5
0.2054908353746096,0.016673136468675184,3.870536813175167e-05,6.265852416805128e-06,9.32095633841453e-11,7.490504302601242e-07,2.887240461482762e-11,5
0.20138175448669882,0.015098245781235043,1.0135635193588607e-05,1.4258199319938318e-06,5.320501130210896e-12,1.6835635998445698e-07,1.0352822489728041e-12,5
0.21558476862553375,0.020924576403873924,1.576543950564901e-05,2.6853352600962915e-06,1.6833890558950802e-11,3.4859501153260896e-07,-4.680003115076703e-12,5
0.2088466710114858,0.018080232835710898,3.679316388822452e-05,6.413387938548913e-06,9.670644188197884e-11,8.166486258294529e-07,-1.8804966285139293e-11,5
0.22250800275913454,0.02410323214650024,1.5814645819080062e-06,2.9343291188974614e-07,1.7680936515080523e-13,2.8162490648994555e-08,9.32459676803888e-14,5
0.20762288805979373,0.01758246539446087,2.934997358610531e-06,1.8698737672882862e-07,-3.997971991692185e-15,-4.6171379055207194e-09,1.384654227134904e-13,5
0.2110110348490818,0.018397873471941124,0.00043262291071691054,0.00010367344941666982,2.1950187875969023e-08,1.4041900803308585e-05,5.114035338288465e-10,5
0.22140899289396831,0.02349035537550289,1.6116687664827336e-05,3.6965901107806122e-06,2.8447828300392422e-11,5.662083367110197e-07,-2.19651471351582e-12,5
0.21868575894849457,0.022165507041928652,3.457252535755195e-05,7.4387644407375815e-06,1.1846468983265072e-10,1.0995560861393161e-06,1.4037633114550512e-11,5
0.21837777376176298,0.022061283260856934,3.0029012472982296e-05,5.847327235180404e-06,7.279701032089455e-11,7.790460448993646e-07,2.653706847262057e-11,5
0.2044168688311536,0.0162344452384547,1.5512821485251022e-05,2.4930411382159367e-06,1.472550829945518e-11,2.9628619068759923e-07,4.850647154438664e-12,5
0.20384420393225305,0.016034328912936005,3.0374597030389486e-05,5.013821210016749e-06,5.954542013435208e-11,5.887407229130578e-07,1.6814895520604678e-11,5
0.2123752911214817,0.019594361857018613,6.57057064848402e-06,1.2042557725919313e-06,3.277457509400753e-12,1.590081506713475e-07,-8.564150893310522e-13,5
0.21148526042473773,0.01908637708847323,8.848708838026996e-05,1.7340130653236802e-05,6.791684209044318e-10,2.395593034432141e-06,9.334670250392977e-12,5
0.22161638308770032,0.02336254036362687,5.119239292835921e-05,1.1024775365505994e-05,2.512130405721476e-10,1.5508419807180437e-06,-7.409802686963977e-11,5
0.2151041549725768,0.020703036527145197,4.6400858814622644e-05,9.219456501838195e-06,1.85890613346979e-10,1.2554011507952708e-06,-4.2499359177981415e-11,5
0.2086204023297605,0.01798453948661546,3.04466388064165e-05,3.1128776313140016e-06,9.992675502204765e-12,1.1130398512496895e-08,-2.8610014990268744e-11,5
0.19995236894941334,0.014447584546853454,5.2856976396400706e-05,8.223594953174613e-06,1.6972335921851694e-10,9.695074388809827e-07,2.428843294533893e-11,5
0.19464236014754793,0.012438789745707198,2.4867854495887586e-05,2.9515959993793355e-06,2.1563380477482012e-11,2.419538749768492e-07,-1.3208870194133605e-11,5
0.18388912703580382,0.008328075355460492,4.327757912587659e-05,3.3258513551092703e-06,2.6432054873730967e-11,1.5224956395339377e-07,-2.989064381962517e-11,5
0.20510201470824177,0.016489960603151527,5.497506842539408e-05,8.720598847475043e-06,1.7816169105239133e-10,9.807045821221012e-07,6.868338905096443e-11,5
0.19996517750563944,0.014427342732902991,7.259190977297536e-05,9.4005575812563e-06,2.0771073357143012e-10,8.105501374723131e-07,1.3099870202028436e-10,5
0.20062951681158392,0.014761221419031727,2.212293466879175e-05,1.9122978319964718e-06,4.753378513249513e-13,-5.3781927849962455e-08,-1.2429031723754846e-11,5
0.17816744025333775,0.006341231969060585,1.3726556459359253e-05,6.372925687307901e-07,-1.0966090396605808e-13,-1.043249606334441e-08,-1.881710671839772e-12,5
0.18780891267514827,0.009868833604413258,1.2643517031475975e-05,1.1860113527608887e-06,3.4845809389376345e-12,6.912269349226717e-08,2.9917395410259257e-12,5
0.21941980568903593,0.022449357819141043,8.946309774148326e-05,1.8171194959170948e-05,6.973997498444638e-10,2.458872738043117e-06,-2.2452439350357074e-10,5
0.21550141409418505,0.020858278449054118,7.384471330001332e-06,1.2845981557856698e-06,3.9502175986499915e-12,1.8547657710769184e-07,2.227899633656151e-13,5
0.20738927551110076,0.017501582548511096,5.082573121926251e-06,6.601154465469054e-07,1.1894277891649601e-12,8.26334829692848e-08,-2.1736581132578728e-13,5
0.2019813793582546,0.015124116940754238,0.00015561511976194828,2.8610040130809685e-05,1.854304044101841e-09,3.2373885078394618e-06,-4.536500533402032e-10,5
0.21301648877070406,0.01984632269060885,5.916416256581961e-06,4.105188358955192e-07,-3.2887862648750376e-13,-4.0775864985182754e-08,-5.48775143107655e-13,5
0.22008454220546425,0.022873457375023123,9.814371334076296e-06,1.9038282386901267e-06,8.195294975594423e-12,2.7971172306813037e-07,7.494236211888345e-13,5
0.21674425804372793,0.02141826748589256,5.718711538695868e-06,1.4397276295975537e-06,4.113387889427979e-12,2.032886357050741e-07,3.8253560948361046e-13,5
0.19834778823467242,0.013693730368314725,0.00013751921882794874,2.3731708981191823e-05,1.3489130661905285e-09,2.7457212786168523e-06,1.3584701496452873e-10,5
0.21164597004145475,0.01917373561240192,3.6258564122223846e-05,4.827964290766459e-06,4.4205738300878615e-11,3.4997820916937957e-07,-4.611130880059739e-11,5
0.2275044319270274,0.026068815712881346,5.871055844962304e-05,1.4092516922514447e-05,3.9167987077315396e-10,2.113788263447159e-06,1.0442056920179287e-10,5
0.2027855374791455,0.015482383309735557,4.799227360664642e-05,6.7335971818796785e-06,1.1249258642070889e-10,7.466862721036586e-07,-4.4698450428149785e-11,5
0.19716517328311278,0.013445461129807997,3.557961613365162e-06,4.233251079518745e-07,3.934420608768752e-13,3.2743118087632284e-08,-3.392875748050397e-13,5
0.20177654978056164,0.015168983589855285,4.003087398091798e-05,6.094858665853544e-06,9.512990631427455e-11,7.458552218896427e-07,3.68690734034908e-12,5
0.20585246363947646,0.0168382041711487,3.7947764929905774e-05,5.772249905068978e-06,8.232009607385752e-11,6.862526362784399e-07,2.2840742844702812e-11,5
0.20177486667132252,0.015168085221559569,3.9801830902937594e-05,6.062684398327505e-06,9.411912085951191e-11,7.422448009612872e-07,3.3266325657691177e-12,5
0.2316672518252756,0.02806510641797747,2.5348700894494965e-05,5.897580814184922e-06,6.718961474182299e-11,8.451517840945405e-07,-2.6177187658615626e-11,5
0.22053061642208638,0.023016254597934483,7.691208720367502e-05,1.622002327573875e-05,5.494917269727038e-10,2.21819769752051e-06,1.6207014371221755e-10,5
0.20348424506860524,0.015837306295601008,1.4466650478553183e-05,2.1054906545945695e-06,1.1559166514377508e-11,2.59308405953612e-07,-1.1895153465611308e-12,5
0.18838924699185405,0.009838713842557495,0.00012726924071949819,1.562444802183635e-05,6.904869228738828e-10,1.5236988014216946e-06,-9.311274460449396e-11,5
0.18902697544366823,0.010081658176182517,0.00012845074847250246,1.657774511502255e-05,7.506698280787232e-10,1.5931369584955486e-06,1.4733135001124964e-10,5
0.2124171812491927,0.019629578506020484,4.856955463734907e-05,1.1229503899457718e-05,2.591254629399492e-10,1.5184146767862992e-06,-4.039067713602954e-11,5
0.20362182837499387,0.015967962637507667,1.3493306610721593e-05,1.3985454863435357e-06,3.833301813938385e-12,7.493278488595916e-08,-4.713400932299091e-12,5
0.22555253380368567,0.025340918502014285,8.013905818975548e-06,1.8119551835480002e-06,6.580050485955812e-12,2.6775956649902223e-07,2.092243813572181e-12,5
0.22678967928963428,0.025756964136864124,6.092207723371485e-05,1.448724511492804e-05,4.2291180750939003e-10,2.2441356100664278e-06,-7.99029093253701e-11,5
0.20122400372960475,0.014993769754239019,1.950974949796571e-05,2.8260859606872476e-06,1.9911109497423778e-11,3.1987611579911065e-07,-6.626284820929156e-12,5
0.20738520210412056,0.0172809939035671,7.501631775908639e-05,1.2056281475152727e-05,3.422280220446562e-10,1.4409847373719058e-06,1.1975250444132906e-10,5
0.22807934295744967,0.0262025032138254,0.00017769888084977323,4.554096668948085e-05,4.053041119114565e-09,7.196732472842198e-06,5.972448726336873e-10,5
0.21611105672099198,0.021027424324465693,5.3172032271368844e-05,1.0826347670302815e-05,2.522556428950489e-10,1.4919874354171147e-06,6.196739707824224e-11,5
0.22051533334703324,0.02301959501497613,6.230622453761805e-05,1.243951630198564e-05,3.1870338051264876e-10,1.5470617526151197e-06,-1.3550662086713966e-10,5
0.22549325318655933,0.02511069314094071,0.00012762497862673744,2.9919374768379357e-05,1.7990008542869991e-09,4.432994930685418e-06,4.2633614142884363e-10,5
0.20223935540362864,0.015248642494835367,7.008651171517477e-05,8.85403915462349e-06,1.776207875546825e-10,7.610215598097965e-07,1.307599246861941e-10,5
0.20306970241762753,0.015355253166889186,7.405802669338433e-05,9.069867891619426e-06,2.1268431415109225e-10,9.931030727153543e-07,-1.0010404467237904e-10,5
0.20230479658529313,0.015403535659123002,4.22993769647105e-05,6.599447558607057e-06,9.774431081519253e-11,6.036169172476689e-07,5.1028403052059406e-11,5
0.19721353699660094,0.013040812285831167,0.000223690938643216,3.6899024741689194e-05,3.2879586160862027e-09,4.008965566235015e-06,6.537831064676257e-10,5
0.20686911841102096,0.017186434513453763,1.9161576164303992e-05,3.2108973895464504e-06,2.244030400270409e-11,3.498754958748658e-07,-1.143485165669521e-11,5
0.2053310860756945,0.016611562125543534,3.363569301925354e-05,5.4996361136410225e-06,7.399990321777682e-11,6.992300899426657e-07,-1.0910640785905215e-11,5
0.21197083071941164,0.019407837013877407,1.1307910917607896e-05,7.859692283664694e-07,-1.6111608402981473e-12,-8.913001812380721e-08,1.7013223734581622e-12,5
0.2131794225145141,0.01986478022666033,4.3277037740180245e-06,7.158279851860824e-07,9.302285763707501e-13,6.654276795831934e-08,-8.497437552521317e-13,5
0.19925497937115597,0.013623068496053709,0.00029329569882928107,5.554355886510409e-05,7.0219809645282765e-09,6.288274806625064e-06,-9.746633429293785e-10,5
0.1994151737421877,0.01401946974470616,0.0001914180167967033,3.49620333097344e-05,2.8366505471990083e-09,4.055213407378594e-06,3.6576223254958033e-10,5
0.21163743180945627,0.01920123465397956,3.377401257031889e-05,4.79142147505324e-06,5.4756147797906e-11,5.295032737299211e-07,2.6775164326524833e-11,5
0.20260591132155897,0.0010061188893732823,0.00046242222297817546,4.921793026859489e-05,6.338319141641323e-09,-1.4713525271784733e-06,3.867601823660469e-09,6
0.20486601074623165,0.00046847253188151935,0.00034927620865163144,9.579110829629425e-05,1.6784754557798088e-08,-1.976984839586692e-06,-5.0275653500399015e-09,6
0.2009051568515854,6.473885049621297e-06,0.0001919931734089087,0.0001479601480346574,2.035002546245912e-08,2.4883529543319655e-07,-1.4414428538364402e-08,6
0.21591353144905306,9.3069883740539e-05,0.00018762505741187527,0.0004282536928033501,1.1490181446901481e-07,-3.9768751074539084e-06,-3.9167174781723086e-08,6
0.20117658382806514,0.0007003445362492123,0.0005264773968900707,6.17452553248215e-05,1.109220793728925e-08,-1.6323919204593673e-06,-9.470656653609905e-10,6
0.20426781030014024,0.0010194131748092273,0.0006507521792810116,0.0002914831879531751,1.2199899378216508e-07,8.224073466280564e-06,-3.5102775855824644e-08,6
0.21016157298750496,0.0003409070928798423,0.0003300153258907472,0.00041399939964247625,1.5062264046599272e-07,7.3947886617594304e-06,2.7017167103103196e-08,6
0.2060958127286742,0.00012449227884407988,0.000368976207375902,0.0003757864048735627,1.3846990937811777e-07,4.121337146679292e-06,2.016144836114578e-08,6
0.20129713994893778,2.3209594332535078e-05,0.0004678327768333938,0.0001415340815788253,3.618782746390756e-08,1.2051080306494213e-07,4.103508093173527e-09,6
0.23401723935518687,1.0741758676927807e-06,0.0004229723277673279,0.0007004056890731579,3.1652849438787627e-07,-6.991020883610018e-07,-2.1246555462694355e-07,6
0.20583899525146226,0.00065818520591394,4.2151954822503876e-05,0.0001565767504313356,6.758868789148706e-09,-3.8050707538326794e-06,-1.0776155510116639e-08,6
0.20574720684673606,0.00011606568416005399,0.000496558942442546,0.00024286924200526158,8.243370403402819e-08,-3.808029072036984e-07,-1.7840031551270823e-08,6
0.19780869917025642,0.0011001838091465742,0.0004427205830288932,1.0272428638597074e-05,-5.384398034716523e-10,2.6437795913810083e-07,-4.3586783403614954e-10,6
0.19210117090278758,0.000706577000913954,0.0005389433807438319,0.00017143541646023145,4.544317685046849e-08,4.4848774360140065e-06,-2.5502671657851584e-08,6
0.20425001855233058,5.98802491623908e-05,0.00040061264223495023,0.00019541539620878017,5.467622353881062e-08,1.3030593515774655e-06,-1.6514596969019029e-10,6
0.20485594765826504,0.001406108971378591,0.00027760395343549903,6.012242575391644e-05,6.001968344461508e-09,-2.2336001453124485e-06,4.930175129685347e-09,6
0.2024021221753255,0.0006383583670943565,0.0007728368136330743,0.00025699313883342475,1.1408285594624705e-07,6.492936472419541e-06,-1.0131223384224056e-08,6
0.21384407001410438,0.001451355758706075,0.00025897263483535713,0.000614524436042257,2.435592950063859e-07,2.3262672765034117e-05,2.790048827049689e-08,6
0.2089214506451052,0.0007708277754275538,0.0006060913542954732,0.00030798829186749874,1.3303120906237899e-07,8.524133688963632e-06,3.0859428151179386e-09,6
0.22854076698061904,3.349421564414299e-05,0.0001224284391223783,0.0007267678067014208,2.1089325106423796e-07,2.339474090634895e-06,5.020908575453691e-08,6
0.2119316331969113,0.0011428969360773823,0.000318450463235738,0.0001123798773556539,1.5075016878547406e-08,-3.758069037687632e-06,-1.4990387571107324e-08,6
0.22526108558926206,0.00020864508776903345,0.0009446347911912286,0.0006383900182714782,4.171675416905767e-07,-5.346325073574919e-06,-2.6783851117433827e-07,6
0.20902303995891083,0.0015658360742689804,0.00016010147790059833,8.112902070215305e-05,9.196336984024446e-09,-3.2050282758697635e-06,9.586988989298254e-10,6
0.20753951096579404,0.0009608351264507017,0.00028857636398732175,7.90946622715993e-05,1.1816934199597141e-08,-2.4327515254707746e-06,1.7752585309631098e-09,6
0.22771079867575228,0.0002112926075110071,4.034324908382555e-05,0.0009760186395977344,-1.0768094078792711e-07,1.418697145797968e-05,-1.6098029249267897e-07,6
0.20334256186996663,0.0007570523174559563,0.000571023847667099,0.0002885906572612485,1.1457313349418918e-07,7.286393454631715e-06,-2.444667272360207e-08,6
0.21354426863516301,0.0015308522752629525,0.00014241294953409105,0.00016381382541490853,2.2473950991821084e-08,-6.331112648545465e-06,1.099818915162847e-08,6
0.23008247972460022,1.1386747557437037e-05,0.00012431690440368112,0.000828901128895176,2.3516472556317845e-07,4.087421826548889e-07,-1.2449251789318997e-07,6
0.21467555270730793,2.8568814861275245e-05,0.0002680792579273445,0.00031955048503178756,6.470459518787369e-08,1.6953283163029702e-06,6.753346674781729e-08,6
0.2103926726338985,0.0011584381568438414,0.00036611861199455976,0.00011539584277292008,4.5820468193292564e-09,-3.789757759529646e-06,2.327219845707602e-08,6
0.20745860318914017,0.0009089746143040035,0.00033828892880750385,6.725346091286064e-05,6.835478397351071e-09,-1.624061349866708e-06,7.495338763247001e-09,6
0.21046958546025019,0.0007128041941649954,0.00017116473148753584,8.114043408568851e-05,9.347032840514186e-09,-2.15641143442393e-06,-2.01764251365694e-09,6
0.2060011910326249,0.0007626109760854493,0.00031340630281672283,8.494129030657724e-05,1.346656732326041e-08,-2.2819968583919075e-06,-3.2747008884426306e-09,6
0.2034275335703193,0.0005399391587002671,0.0002560731916703282,0.00011588821849494322,1.1128411291856576e-08,-1.7379480381901994e-06,1.6574308197799126e-08,6
0.20662132974475841,0.0012216435734757512,0.00011232162046672146,5.5928025475451274e-05,3.996713650322425e-09,-1.954199457428061e-06,-1.9172361249584614e-09,6
0.20903170232126844,0.000897021327732339,0.0004713738142992196,8.019016452303489e-05,1.559065405437221e-08,-2.3323464285962146e-06,-7.351752040283912e-12,6
0.20139808433147965,0.0009291425734990279,0.0003616301242489529,4.641752618132036e-05,5.914670111119467e-09,-1.4133073691747376e-06,-1.0878962330421655e-09,6
0.20906368305701956,0.0008350586645557156,0.00026144248853467167,8.759075472977121e-05,8.128896470772415e-09,-2.279828592659025e-06,-1.0469605176086128e-08,6
0.20001020400644845,0.0008829235731863255,0.00019487074803493806,7.85851673397528e-05,8.309527156728425e-09,-2.1327628270453545e-06,-5.052229905559019e-09,6
0.20351612655232776,0.0007768876770799947,0.00015104612562521108,5.89101827408588e-05,4.77676411619323e-09,-1.636340486391884e-06,-2.8395011724973232e-09,6
0.2028178438756877,0.000492321936695628,0.000233955758902354,0.00010443425261057438,1.6112517092367363e-08,-2.2965913371919724e-06,-2.6202235641428787e-09,6
0.20348923820325096,0.0007578945672865233,0.00034273713612699685,6.005077018871022e-05,8.515640643194281e-09,-1.6418466093160736e-06,1.3050570325178528e-09,6
0.20721406987583435,0.0004961776108691076,0.00035899854525392965,6.021423018318886e-05,-1.536553997355974e-09,-1.058792614233798e-06,8.718730797160359e-09,6
0.20038889958122186,0.0008206392408864547,0.00029297127101834486,5.592832222355759e-05,7.027899967072666e-09,-1.5678084247535778e-06,1.3644610578029676e-09,6
0.20949120418824263,0.0007633065899840676,0.0002441029284367299,0.00012243858471330818,1.814497390578828e-08,-3.3820812757775772e-06,1.0900063172693786e-08,6
0.20857102675270428,0.001146536418221108,0.00030783601472484995,8.641819866583117e-05,1.3703882962541054e-08,-2.925722382957965e-06,-3.2977047218126867e-09,6
0.2082055238160163,0.0011253487589414023,0.0003806352197680044,9.271849504287273e-05,1.0453995821769636e-08,-2.4940694784503903e-06,1.3932291365498008e-08,6
0.210734780404444,0.001257595809853103,0.0003805204137653999,0.00010662915347778893,1.8124706617866573e-08,-3.7806505895705083e-06,1.152470358590666e-08,6
0.21995523870868833,0.0004797922636409659,0.00021965797572871836,0.00020225580372991523,3.76579787282126e-08,-4.224967866152368e-06,1.9981848180274334e-08,6
0.21572667067992163,0.00021098363439331935,0.00046747629044096087,8.126638090707206e-05,1.553607605172739e-08,-1.1504393875767173e-06,3.0863470137959483e-09,6
0.19614993599416414,5.549772531674415e-05,0.00022454091776804297,0.00018949328362867818,3.110468739339298e-08,1.309788096838993e-06,2.367140030587632e-08,6
0.20186236241661726,0.0008818732267088296,0.0003849600647872619,5.0146357446382935e-05,1.3663653547657141e-09,-9.806521554366194e-07,6.8320461955820675e-09,6
0.20329188495515244,0.00036696218655667015,0.0004195321778300232,7.973919785040655e-05,1.0311665410333232e-08,-1.4420368849548813e-06,-1.0313879321799377e-08,6
0.21187160774487984,0.0005727486984332818,0.00022609259106627614,0.00015277711257659723,1.2649151452615339e-08,-3.2171538481526283e-06,-2.5421116844871637e-08,6
0.20739738200788468,0.0004609222856645481,0.0002505051390477359,0.00017331222278024237,3.169805304463393e-08,-3.6839939627113054e-06,1.730067569070313e-08,6
0.20941929372424242,8.782061964838733e-05,0.00018237096039587318,0.00021256631296457125,4.140755819685565e-08,-1.3306897285973692e-06,6.085271512600239e-09,6
